entry_key,work_key,source_campaign,review_flag,target_campaign,title
doi:10.5194/amt-9-4269-2016	(no campaign tag),doi:10.5194/amt-9-4269-2016,(no campaign tag),r,,1064 nm rotational Raman lidar for particle extinction and lidar-ratio profiling: cirrus case study
doi:10.5445/ir/1000063305	LAPSE-RATE,doi:10.5445/ir/1000063305,LAPSE-RATE,r,,Coherent Structures in the Atmospheric Boundary Layer Measured by Dual Doppler Lidar
doi:10.5194/angeo-34-1209-2016	LAPSE-RATE,doi:10.5194/angeo-34-1209-2016,LAPSE-RATE,r,,"Derivation of turbulent energy dissipation rate with the Middle Atmosphere Alomar Radar System (MAARSY) and radiosondes at Andøya, Norway"
doi:10.1038/ncomms11690	LAPSE-RATE,doi:10.1038/ncomms11690,LAPSE-RATE,r,,Differences in the efficacy of climate forcings explained by variations in atmospheric boundary layer depth
doi:10.5194/amt-9-1993-2016	LAPSE-RATE,doi:10.5194/amt-9-1993-2016,LAPSE-RATE,r,,Evaluation of three lidar scanning strategies for turbulence measurements
doi:10.1088/1748-9326/11/4/044024	LAPSE-RATE,doi:10.1088/1748-9326/11/4/044024,LAPSE-RATE,r,,Ground-level climate at a peatland wind farm in Scotland is affected by wind turbine operation
doi:10.1007/s11214-016-0239-2	(no campaign tag),doi:10.1007/s11214-016-0239-2,(no campaign tag),r,,History and Applications of Dust Devil Studies
doi:10.5194/acp-16-2459-2016	LAPSE-RATE,doi:10.5194/acp-16-2459-2016,LAPSE-RATE,r,,"Mixing layer height and its implications for air pollution over Beijing, China"
doi:10.1002/2016jd025453	LAPSE-RATE,doi:10.1002/2016jd025453,LAPSE-RATE,r,,OH* imager response to turbulence‐induced temperature fluctuations
doi:10.1002/asl.660	LAPSE-RATE,doi:10.1002/asl.660,LAPSE-RATE,r,,On the link between cold fronts and hail in Switzerland
doi:10.1002/2015jd024494	LAPSE-RATE,doi:10.1002/2015jd024494,LAPSE-RATE,r,,"Simultaneous and common‐volume lidar observations of K/Na layers and temperature at Arecibo Observatory (18°N, 67°W)"
doi:10.1002/we.1978	LAPSE-RATE,doi:10.1002/we.1978,LAPSE-RATE,r,,Testing and validation of multi‐lidar scanning strategies for wind energy applications
doi:10.5194/acp-2016-842	LAPSE-RATE,doi:10.5194/acp-2016-842,LAPSE-RATE,r,,The life cycle of nocturnal low-level clouds over southern WestAfrica analysed using high-resolution simulations
doi:10.5194/amt-2017-393	LAPSE-RATE,doi:10.5194/amt-2017-393,LAPSE-RATE,r,,Algorithm Theoretical Baseline for formaldehyde retrievals from S5P TROPOMI and from the QA4ECV project
doi:10.1175/mwr-d-17-0047.1	LAPSE-RATE,doi:10.1175/mwr-d-17-0047.1,LAPSE-RATE,r,,An Adjoint-Based Forecast Impact from Assimilating MISR Winds into the GEOS-5 Data Assimilation and Forecasting System
doi:10.5194/wes-2-77-2017	LAPSE-RATE,doi:10.5194/wes-2-77-2017,LAPSE-RATE,r,,An error reduction algorithm to improve lidar turbulence estimates for wind energy
doi:10.1175/bams-d-16-0181.1	LAPSE-RATE,doi:10.1175/bams-d-16-0181.1,LAPSE-RATE,r,,Avian Sensor Packages for Meteorological Measurements
doi:10.3390/rs9030242	LAPSE-RATE,doi:10.3390/rs9030242,LAPSE-RATE,r,,Characterization of Turbulence in Wind Turbine Wakes under Different Stability Conditions from Static Doppler LiDAR Measurements
doi:10.5194/acp-17-1847-2017	LAPSE-RATE,doi:10.5194/acp-17-1847-2017,LAPSE-RATE,r,,Effects of atmospheric dynamics and aerosols on the fraction of supercooled water clouds
doi:10.1175/waf-d-17-0064.1	(no campaign tag),doi:10.1175/waf-d-17-0064.1,(no campaign tag),r,,How Much Does “Backing Aloft” Actually Impact a Supercell?
doi:10.1175/jas-d-16-0317.1	LAPSE-RATE,doi:10.1175/jas-d-16-0317.1,LAPSE-RATE,r,,Large-Eddy Simulation of Shallow Cumulus over Land: A Composite Case Based on ARM Long-Term Observations at Its Southern Great Plains Site
doi:10.5194/angeo-35-181-2017	LAPSE-RATE,doi:10.5194/angeo-35-181-2017,LAPSE-RATE,r,,Large-scale gravity wave perturbations in the mesopause region above Northern Hemisphere midlatitudes during autumnal equinox: a joint study by the USU Na lidar and Whole Atmosphere Community Climate Model
doi:10.5194/acp-17-2721-2017	(no campaign tag),doi:10.5194/acp-17-2721-2017,(no campaign tag),r,,"Modeling the diurnal variability of agricultural ammonia in Bakersfield, California, during the CalNex campaign"
doi:10.5194/acp-17-899-2017	LAPSE-RATE,doi:10.5194/acp-17-899-2017,LAPSE-RATE,r,,Nocturnal low-level clouds over southern West Africa analysed using high-resolution simulations
doi:10.5194/acp-17-3619-2017	LAPSE-RATE,doi:10.5194/acp-17-3619-2017,LAPSE-RATE,r,,Optical and geometrical properties of cirrus clouds in Amazonia derived from 1 year of ground-based lidar measurements
doi:10.1175/waf-d-17-0104.1	(no campaign tag),doi:10.1175/waf-d-17-0104.1,(no campaign tag),r,,Probabilistic Verification of Storm Prediction Center Convective Outlooks
doi:10.1038/s41598-017-04503-0	LAPSE-RATE,doi:10.1038/s41598-017-04503-0,LAPSE-RATE,r,,The movement of small insects in the convective boundary layer: linking patterns to processes
doi:10.1175/mwr-d-16-0410.1	(no campaign tag),doi:10.1175/mwr-d-16-0410.1,(no campaign tag),r,,Toward 1-km Ensemble Forecasts over Large Domains
doi:10.1175/mwr-d-17-0152.1	(no campaign tag),doi:10.1175/mwr-d-17-0152.1,(no campaign tag),r,,Volatility of Tornadogenesis: An Ensemble of Simulated Nontornadic and Tornadic Supercells in VORTEX2 Environments
doi:10.3390/en10030317	LAPSE-RATE,doi:10.3390/en10030317,LAPSE-RATE,r,,Wind Farm Wake: The 2016 Horns Rev Photo Case
doi:10.5194/acp-17-13345-2017	(no campaign tag),doi:10.5194/acp-17-13345-2017,(no campaign tag),r,,Winds and temperatures of the Arctic middle atmosphere during January measured by Doppler lidar
doi:10.5194/amt-11-6013-2018	(no campaign tag),doi:10.5194/amt-11-6013-2018,(no campaign tag),r,,A multiwavelength numerical model in support of quantitative retrievals of aerosol properties from automated lidar ceilometers and test applications for AOT and PM <sub>10</sub> estimation
doi:10.5194/amt-11-2395-2018	LAPSE-RATE,doi:10.5194/amt-11-2395-2018,LAPSE-RATE,r,,Algorithm theoretical baseline for formaldehyde retrievals from S5P TROPOMI and from the QA4ECV project
doi:10.1175/waf-d-17-0120.1	(no campaign tag),doi:10.1175/waf-d-17-0120.1,(no campaign tag),m,VORTEX-SE,Cold-Season Tornadoes: Climatological and Meteorological Insights
doi:10.1175/wcas-d-17-0073.1	(no campaign tag),doi:10.1175/wcas-d-17-0073.1,(no campaign tag),m,(no campaign tag),Cold-season Tornado Risk Communication: Case Studies from November 2016 to February 2017
doi:10.5194/wes-2018-42	LAPSE-RATE,doi:10.5194/wes-2018-42,LAPSE-RATE,r,,Do Wind Turbines Pose Roll Hazards to Light Aircraft?
doi:10.5194/wes-3-833-2018	LAPSE-RATE,doi:10.5194/wes-3-833-2018,LAPSE-RATE,r,,Do wind turbines pose roll hazards to light aircraft?
doi:10.1175/jamc-d-17-0349.1	LAPSE-RATE,doi:10.1175/jamc-d-17-0349.1,LAPSE-RATE,r,,Influence of Lake Erie on a Lake Ontario Lake-Effect Snowstorm
doi:10.3390/atmos9070268	LAPSE-RATE,doi:10.3390/atmos9070268,LAPSE-RATE,m,(no campaign tag),Innovative Strategies for Observations in the Arctic Atmospheric Boundary Layer (ISOBAR)—The Hailuoto 2017 Campaign
doi:10.5194/acp-2018-733	LAPSE-RATE,doi:10.5194/acp-2018-733,LAPSE-RATE,r,,"Interactions between the atmosphere, cryosphere and ecosystemsat northern high latitudes"
doi:10.2151/jmsj.2019-023	LAPSE-RATE,doi:10.2151/jmsj.2019-023,LAPSE-RATE,r,,"Low-Level Wind Shear Induced by Horizontal Roll Vortices at Narita International Airport, Japan"
doi:10.3390/atmos9030080	LAPSE-RATE,doi:10.3390/atmos9030080,LAPSE-RATE,r,,Moist Orographic Convection: Physical Mechanisms and Links to Surface-Exchange Processes
doi:10.1029/2017rg000593	LAPSE-RATE,doi:10.1029/2017rg000593,LAPSE-RATE,r,,Remote Sensing of Droplet Number Concentration in Warm Clouds: A Review of the Current State of Knowledge and Perspectives
doi:10.1175/jas-d-18-0276.1	(no campaign tag),doi:10.1175/jas-d-18-0276.1,(no campaign tag),r,,Reply to “Comments on ‘The Regulation of Tornado Intensity by Updraft Width’”
doi:10.1016/j.atmosres.2018.09.004	(no campaign tag),doi:10.1016/j.atmosres.2018.09.004,(no campaign tag),r,,Sensitivity of WRF simulations with the YSU PBL scheme to the lowest model level height for a sea fog event over the Yellow Sea
doi:10.20944/preprints201811.0187.v1	LAPSE-RATE,doi:10.20944/preprints201811.0187.v1,LAPSE-RATE,r,,"Summertime Urban Mixing Layer Height over Sofia, Bulgaria"
doi:10.1029/2018gl080667	LAPSE-RATE,doi:10.1029/2018gl080667,LAPSE-RATE,r,,The Carr Fire Vortex: A Case of Pyrotornadogenesis?
doi:10.1175/mwr-d-17-0128.1	PECAN,doi:10.1175/mwr-d-17-0128.1,PECAN,r,,Understanding the Impact of Radar and In Situ Observations on the Prediction of a Nocturnal Convection Initiation Event on 25 June 2013 Using an Ensemble-Based Multiscale Data Assimilation System
doi:10.5194/acp-18-311-2018	LAPSE-RATE,doi:10.5194/acp-18-311-2018,LAPSE-RATE,r,,Vertically resolved concentration and liquid water content of atmospheric nanoparticles at the US DOE Southern Great Plains site
doi:10.1175/waf-d-18-0207.1	LAPSE-RATE,doi:10.1175/waf-d-18-0207.1,LAPSE-RATE,r,,Can Mountain Waves Contribute to Damaging Winds Far Away from the Lee Slope?
doi:10.1029/2019jd030287	LAPSE-RATE,doi:10.1029/2019jd030287,LAPSE-RATE,r,,Characteristics of Atmospheric Turbulence Retrieved From High Vertical‐Resolution Radiosonde Data in the United States
doi:10.1175/waf-d-18-0211.1	(no campaign tag),doi:10.1175/waf-d-18-0211.1,(no campaign tag),m,(no campaign tag),Characteristics of Tornado Events and Warnings in the Southeastern United States
doi:10.1175/mwr-d-19-0123.1	LAPSE-RATE,doi:10.1175/mwr-d-19-0123.1,LAPSE-RATE,r,,Convection Initiation Aided by Lake-Breeze Convergence over the Niagara Peninsula
doi:10.3390/atmos10020077	LAPSE-RATE,doi:10.3390/atmos10020077,LAPSE-RATE,r,,Effect of Vertical Air Motion on Disdrometer Derived Z-R Coefficients
doi:10.3390/s19122770	LAPSE-RATE,doi:10.3390/s19122770,LAPSE-RATE,m,(no campaign tag),Estimating the Vertical Structure of Weather-Induced Mission Costs for Small UAS
id:https://openalex.org/W3015721349	(no campaign tag),id:https://openalex.org/W3015721349,(no campaign tag),r,,"Exploring the Impact of Disaster Response Preparedness by the New York State Military Forces to the World Trade Center September 11, 2001, Terrorist Attacks"
doi:10.1175/jamc-d-19-0046.1	LAPSE-RATE,doi:10.1175/jamc-d-19-0046.1,LAPSE-RATE,r,,Identification and Characterization of Persistent Cold Pool Events from Temperature and Wind Profilers in the Columbia River Basin
doi:10.5194/acp-19-2015-2019	LAPSE-RATE,doi:10.5194/acp-19-2015-2019,LAPSE-RATE,r,,"Interactions between the atmosphere, cryosphere, and ecosystems at northern high latitudes"
doi:10.5194/wes-4-421-2019	(no campaign tag),doi:10.5194/wes-4-421-2019,(no campaign tag),r,,Lidar estimation of rotor-effective wind speed – an experimental comparison
doi:10.5194/acp-2018-1300	LAPSE-RATE,doi:10.5194/acp-2018-1300,LAPSE-RATE,r,,Nocturnal boundary layer turbulence regimes analysis during the BLLAST campaign
doi:10.3390/atmos10010036	LAPSE-RATE,doi:10.3390/atmos10010036,LAPSE-RATE,r,,"Summertime Urban Mixing Layer Height over Sofia, Bulgaria"
doi:10.1175/mwr-d-18-0246.1	(no campaign tag),doi:10.1175/mwr-d-18-0246.1,(no campaign tag),m,VORTEX-SE,"The Development of Severe Vortices within Simulated High-Shear, Low-CAPE Convection"
doi:10.1175/jamc-d-18-0224.1	(no campaign tag),doi:10.1175/jamc-d-18-0224.1,(no campaign tag),m,VORTEX-SE,The Empirical Dependence of Tornadogenesis on Elevation Roughness: Historical Record Analysis Using Bayes’s Law in Arkansas
doi:10.1029/2019gl084099	(no campaign tag),doi:10.1029/2019gl084099,(no campaign tag),r,,"Using Overshooting Top Area to Discriminate Potential for Large, Intense Tornadoes"
doi:10.1007/s10546-019-00473-0	LAPSE-RATE,doi:10.1007/s10546-019-00473-0,LAPSE-RATE,r,,Wind-Turbine and Wind-Farm Flows: A Review
doi:10.5194/amt-13-5335-2020	LAPSE-RATE,doi:10.5194/amt-13-5335-2020,LAPSE-RATE,r,,Application of the shipborne remote sensing supersite OCEANET for profiling of Arctic aerosols and clouds during <i>Polarstern</i> cruise PS106
doi:10.1175/waf-d-20-0101.1	LAPSE-RATE,doi:10.1175/waf-d-20-0101.1,LAPSE-RATE,m,(no campaign tag),"Boundary Layer and Surface Verification of the High-Resolution Rapid Refresh, Version 3"
doi:10.5194/amt-2020-75	PECAN,doi:10.5194/amt-2020-75,PECAN,r,,Characteristics and performance of vertical winds as observed by the radar wind profiler network of China
doi:10.5194/amt-13-4589-2020	PECAN,doi:10.5194/amt-13-4589-2020,PECAN,r,,Characteristics and performance of wind profiles as observed by the radar wind profiler network of China
doi:10.5194/acp-20-1723-2020	(no campaign tag),doi:10.5194/acp-20-1723-2020,(no campaign tag),r,,Detection of land-surface-induced atmospheric water vapor patterns
doi:10.1029/2020gl088242	(no campaign tag),doi:10.1029/2020gl088242,(no campaign tag),r,,Differentiating Between Tornadic and Nontornadic Supercells Using Polarimetric Radar Signatures of Hydrometeor Size Sorting
doi:10.3390/rs12182951	PECAN,doi:10.3390/rs12182951,PECAN,r,,Doppler Aerosol WiNd (DAWN) Lidar during CPEX 2017: Instrument Performance and Data Utility
doi:10.3390/atmos11050505	LAPSE-RATE,doi:10.3390/atmos11050505,LAPSE-RATE,r,,Estimations of the Mexicali Valley (Mexico) Mixing Height
doi:10.1175/jamc-d-19-0195.1	(no campaign tag),doi:10.1175/jamc-d-19-0195.1,(no campaign tag),r,,Evaluating the performance of WRF urban schemes and PBL schemes over Dallas Fort Worth during a dry summer and a wet summer
doi:10.5194/wes-5-1169-2020	(no campaign tag),doi:10.5194/wes-5-1169-2020,(no campaign tag),r,,How wind speed shear and directional veer affect the power production of a megawatt-scale operational wind turbine
doi:10.1029/2020jd033870	(no campaign tag),doi:10.1029/2020jd033870,(no campaign tag),r,,Idealized Model Simulations to Determine Impacts of Storm‐Relative Winds on Differential Reflectivity and Specific Differential Phase Fields
doi:10.5194/amt-2020-18	LAPSE-RATE,doi:10.5194/amt-2020-18,LAPSE-RATE,r,,Integrated System for Atmospheric Boundary Layer Height Estimation (ISABLE) using a Ceilometer and Microwave Radiometer
doi:10.5194/amt-13-6965-2020	LAPSE-RATE,doi:10.5194/amt-13-6965-2020,LAPSE-RATE,r,,Integrated System for Atmospheric Boundary Layer Height Estimation (ISABLE) using a ceilometer and microwave radiometer
doi:10.3390/atmos11111178	LAPSE-RATE,doi:10.3390/atmos11111178,LAPSE-RATE,r,,Investigation of Marine Wind Veer Characteristics Using Wind Lidar Measurements
doi:10.5194/amt-13-2849-2020	(no campaign tag),doi:10.5194/amt-13-2849-2020,(no campaign tag),r,,Methodology for deriving the telescope focus function and its uncertainty for a heterodyne pulsed Doppler lidar
doi:10.1002/we.2484	LAPSE-RATE,doi:10.1002/we.2484,LAPSE-RATE,r,,Offshore wind farm wake recovery: Airborne measurements and its representation in engineering models
doi:10.1051/epjconf/202023703022	LAPSE-RATE,doi:10.1051/epjconf/202023703022,LAPSE-RATE,r,,Ozone Lidar Observations in the City of Paris: Seasonal Variability and Role of The Nocturnal Low Level Jet
doi:10.1051/epjconf/202023703022/pdf	LAPSE-RATE,doi:10.1051/epjconf/202023703022/pdf,LAPSE-RATE,r,,Ozone Lidar Observations in the City of Paris: Seasonal Variability and Role of The Nocturnal Low Level Jet
doi:10.5194/acp-20-8003-2020	(no campaign tag),doi:10.5194/acp-20-8003-2020,(no campaign tag),r,,"Smoke of extreme Australian bushfires observed in the stratosphere over Punta Arenas, Chile, in January 2020: optical thickness, lidar ratios, and depolarization ratios at 355 and 532 nm"
doi:10.1007/s10546-020-00508-x	LAPSE-RATE,doi:10.1007/s10546-020-00508-x,LAPSE-RATE,r,,Steady-State Large-Eddy Simulations of Convective and Stable Urban Boundary Layers
doi:10.1175/jas-d-19-0167.1	LAPSE-RATE,doi:10.1175/jas-d-19-0167.1,LAPSE-RATE,r,,Summertime Post-Cold-Frontal Marine Stratocumulus Transition Processes over the Eastern North Atlantic
doi:10.1007/s10546-020-00529-6	PECAN,doi:10.1007/s10546-020-00529-6,PECAN,r,,Surface-Energy-Balance Closure over Land: A Review
doi:10.1175/jtech-d-19-0123.1	PECAN,doi:10.1175/jtech-d-19-0123.1,PECAN,r,,The Impact of Airborne Doppler Aerosol Wind (DAWN) Lidar Wind Profiles on Numerical Simulations of Tropical Convective Systems during the NASA Convective Processes Experiment (CPEX)
doi:10.5194/acp-2020-1123	LAPSE-RATE,doi:10.5194/acp-2020-1123,LAPSE-RATE,r,,The dynamic-thermal structures of the planetary boundary layer dominated by synoptic circulations and the regular effect on air pollution in Beijing
doi:10.5194/acp-20-5157-2020	LAPSE-RATE,doi:10.5194/acp-20-5157-2020,LAPSE-RATE,r,,The influence of water vapor anomalies on clouds and their radiative effect at Ny-Ålesund
doi:10.1175/jas-d-19-0301.1	LAPSE-RATE,doi:10.1175/jas-d-19-0301.1,LAPSE-RATE,m,(no campaign tag),Theoretical Understanding of the Linear Relationship between Convective Updrafts and Cloud-Base Height for Shallow Cumulus Clouds. Part II: Continental Conditions
doi:10.5194/acp-2020-1093	(no campaign tag),doi:10.5194/acp-2020-1093,(no campaign tag),r,,"Tropospheric and stratospheric wildfire smoke profiling with lidar:Mass, surface area, CCN and INP retrieval"
doi:10.1175/jas-d-19-0321.1	(no campaign tag),doi:10.1175/jas-d-19-0321.1,(no campaign tag),m,VORTEX-SE,Understanding How Complex Terrain Impacts Tornado Dynamics Using a Suite of High-Resolution Numerical Simulations
doi:10.5194/amt-13-521-2020	LAPSE-RATE,doi:10.5194/amt-13-521-2020,LAPSE-RATE,r,,Wind sensing with drone-mounted wind lidars: proof of concept
doi:10.1175/waf-d-20-0136.1	(no campaign tag),doi:10.1175/waf-d-20-0136.1,(no campaign tag),m,VORTEX-SE,Assessing the Influence of Complex Terrain on Severe Convective Environments in Northeastern Alabama
doi:10.1175/mwr-d-20-0359.1	(no campaign tag),doi:10.1175/mwr-d-20-0359.1,(no campaign tag),m,LAPSE-RATE,Assimilation of a Coordinated Fleet of Uncrewed Aircraft System Observations in Complex Terrain: EnKF System Design and Preliminary Assessment
doi:10.5194/amt-2021-295	LAPSE-RATE,doi:10.5194/amt-2021-295,LAPSE-RATE,r,,"Boundary-layer height and surface stability at SMEAR II, Hyytiälä, Finland in ERA5 and observations"
doi:10.3389/frsen.2021.641723	PECAN,doi:10.3389/frsen.2021.641723,PECAN,m,(no campaign tag),Challenges and Opportunities in Lidar Remote Sensing
doi:10.1029/2020gl090924	LAPSE-RATE,doi:10.1029/2020gl090924,LAPSE-RATE,r,,Circadian Rhythm of Dune‐Field Activity
doi:10.1007/s10546-021-00645-x	LAPSE-RATE,doi:10.1007/s10546-021-00645-x,LAPSE-RATE,r,,Comparison of Observations and Predictions of Daytime Planetary-Boundary-Layer Heights and Surface Meteorological Variables in the Columbia River Gorge and Basin During the Second Wind Forecast Improvement Project
doi:10.1175/jas-d-20-0164.1	(no campaign tag),doi:10.1175/jas-d-20-0164.1,(no campaign tag),m,VORTEX-SE,Controls of Quasi-Linear Convective System Tornado Intensity
doi:10.1175/jas-d-20-0117.1	(no campaign tag),doi:10.1175/jas-d-20-0117.1,(no campaign tag),m,VORTEX-SE,"Dynamics of Simulated High-Shear, Low-CAPE Supercells"
doi:10.3390/atmos12091103	VORTEX-SE,doi:10.3390/atmos12091103,VORTEX-SE,r,,Edge Detection Method for Determining Boundary Layer Height Based on Doppler Lidar
doi:10.1007/s10546-021-00640-2	PECAN,doi:10.1007/s10546-021-00640-2,PECAN,m,LAFE,Evaluation and Applications of Multi-Instrument Boundary-Layer Thermodynamic Retrievals
doi:10.3390/rs13183596	LAPSE-RATE,doi:10.3390/rs13183596,LAPSE-RATE,r,,Evaluation of a Method for Calculating the Height of the Stable Boundary Layer Based on Wind Profile Lidar and Turbulent Fluxes
doi:10.5194/acp-21-2343-2021	TORUS,doi:10.5194/acp-21-2343-2021,TORUS,r,,Formation of an additional density peak in the bottom side of the sodium layer associated with the passage of multiple mesospheric frontal systems
doi:10.1002/we.2641	PECAN,doi:10.1002/we.2641,PECAN,r,,Global patterns of offshore wind variability
doi:10.3390/atmos12030325	LAPSE-RATE,doi:10.3390/atmos12030325,LAPSE-RATE,r,,High–Resolution Modeling of Airflows and Particle Deposition over Complex Terrain at Sakurajima Volcano
doi:10.1016/j.renene.2021.10.034	LAPSE-RATE,doi:10.1016/j.renene.2021.10.034,LAPSE-RATE,r,,Improvement of wind power prediction from meteorological characterization with machine learning models
doi:10.3390/atmos12030376	LAPSE-RATE,doi:10.3390/atmos12030376,LAPSE-RATE,r,,"In Situ, Rotor-Based Drone Measurement of Wind Vector and Aerosol Concentration in Volcanic Areas"
doi:10.5194/acp-21-17079-2021	(no campaign tag),doi:10.5194/acp-21-17079-2021,(no campaign tag),r,,"Investigation of near-global daytime boundary layer height using high-resolution radiosondes: first results and comparison with ERA5, MERRA-2, JRA-55, and NCEP-2 reanalyses"
doi:10.1175/mwr-d-20-0391.1	PECAN,doi:10.1175/mwr-d-20-0391.1,PECAN,m,(no campaign tag),Low-Level Mesoscale and Cloud-Scale Interactions Promoting Deep Convection Initiation
doi:10.1175/jas-d-21-0040.1	VORTEX-SE,doi:10.1175/jas-d-21-0040.1,VORTEX-SE,r,,Mean flow and turbulence characteristics of a nocturnal downburst recorded on a 213 m tall meteorological tower
doi:10.1175/jtech-d-21-0061.1	PECAN,doi:10.1175/jtech-d-21-0061.1,PECAN,m,(no campaign tag),Observing Profiles of Derived Kinematic Field Quantities Using a Network of Profiling Sites
doi:10.3390/app11167658	LAPSE-RATE,doi:10.3390/app11167658,LAPSE-RATE,r,,Re-Visiting Acoustic Sounding to Advance the Measurement of Optical Turbulence
doi:10.5194/acp-21-15283-2021	CHEESEHEAD,doi:10.5194/acp-21-15283-2021,CHEESEHEAD,r,,Spatially and temporally resolved measurements of NO <sub> <i>x</i> </sub> fluxes by airborne eddy covariance over Greater London
doi:10.5194/amt-14-1457-2021	(no campaign tag),doi:10.5194/amt-14-1457-2021,(no campaign tag),r,,Spectral correction of turbulent energy damping on wind lidar measurements due to spatial averaging
doi:10.1007/s10546-021-00668-4	LAPSE-RATE,doi:10.1007/s10546-021-00668-4,LAPSE-RATE,r,,The Role of Atmospheric Stability and Turbulence in Offshore Wind-Farm Wakes in the German Bight
doi:10.5194/acp-21-6111-2021	LAPSE-RATE,doi:10.5194/acp-21-6111-2021,LAPSE-RATE,r,,The thermodynamic structures of the planetary boundary layer dominated by synoptic circulations and the regular effect on air pollution in Beijing
doi:10.11834/jrs.20210495	LAPSE-RATE,doi:10.11834/jrs.20210495,LAPSE-RATE,r,,Three dimensional remote sensing for oceanography and the &lt;italic&gt;Guanlan&lt;/italic&gt; ocean profiling Lidar
doi:10.5194/amt-14-1303-2021	LAPSE-RATE,doi:10.5194/amt-14-1303-2021,LAPSE-RATE,r,,Towards accurate and practical drone-based wind measurements with an ultrasonic anemometer
doi:10.5194/acp-21-9779-2021	(no campaign tag),doi:10.5194/acp-21-9779-2021,(no campaign tag),r,,"Tropospheric and stratospheric wildfire smoke profiling with lidar: mass, surface area, CCN, and INP retrieval"
doi:10.5194/acp-21-1937-2021	(no campaign tag),doi:10.5194/acp-21-1937-2021,(no campaign tag),r,,Turbulent and boundary layer characteristics during VOCALS-REx
doi:10.1175/bams-d-20-0030.1	LAPSE-RATE,doi:10.1175/bams-d-20-0030.1,LAPSE-RATE,r,,Utilizing a Storm-Generating Hotspot to Study Convective Cloud Transitions: The CACTI Experiment
doi:10.1029/2021ea002081	(no campaign tag),doi:10.1029/2021ea002081,(no campaign tag),r,,A Comparison of Processing Methods for the Oklahoma Lightning Mapping Array
doi:10.1175/jtech-d-21-0176.1	(no campaign tag),doi:10.1175/jtech-d-21-0176.1,(no campaign tag),r,,A Method for Correcting Staggered Pulse Repetition Time (PRT) and Dual Pulse Repetition Frequency (PRF) Processor Errors in Research Radar Datasets
doi:10.1109/jstars.2022.3189037	(no campaign tag),doi:10.1109/jstars.2022.3189037,(no campaign tag),r,,A Spatio-Temporal Neural Network for Fine-Scale Wind Field Nowcasting Based on Lidar Observation
doi:10.5194/essd-14-4153-2022	(no campaign tag),doi:10.5194/essd-14-4153-2022,(no campaign tag),r,,"A benchmark dataset of diurnal- and seasonal-scale radiation, heat, and CO <sub>2</sub> fluxes in a typical East Asian monsoon region"
doi:10.1017/jfm.2022.443	(no campaign tag),doi:10.1017/jfm.2022.443,(no campaign tag),r,,A physics-based model for wind turbine wake expansion in the atmospheric boundary layer
doi:10.11728/cjss2022.04.yg20	(no campaign tag),doi:10.11728/cjss2022.04.yg20,(no campaign tag),r,,Advances in the Researches of the Middle and Upper Atmosphere in China in 2020–2022
doi:10.1175/mwr-d-21-0284.1	PECAN,doi:10.1175/mwr-d-21-0284.1,PECAN,m,LAFE,An OSSE Study of the Impact of Micropulse Differential Absorption Lidar (MPD) Water Vapor Profiles on Convective Weather Forecasting
doi:10.15191/nwajom.2022.1004	LAPSE-RATE,doi:10.15191/nwajom.2022.1004,LAPSE-RATE,r,,Analysis of the 12 April 2020 Northern Louisiana Tornadic QLCS
doi:10.3390/photonics9040235	(no campaign tag),doi:10.3390/photonics9040235,(no campaign tag),r,,Analyzing the Effects of a Basin on Atmospheric Environment Relevant to Optical Turbulence
doi:10.1175/mwr-d-22-0136.1	PECAN,doi:10.1175/mwr-d-22-0136.1,PECAN,m,(no campaign tag),Assimilation of New York State Mesonet Surface and Profiler Data for the 21 June 2021 Convective Event
doi:10.1175/mwr-d-22-0090.1	(no campaign tag),doi:10.1175/mwr-d-22-0090.1,(no campaign tag),m,LAPSE-RATE,Assimilation of a Coordinated Fleet of Uncrewed Aircraft System Observations in Complex Terrain: Observing System Experiments
id:https://openalex.org/W6929071625	(no campaign tag),id:https://openalex.org/W6929071625,(no campaign tag),r,,Balloon-borne aerosol–cloud interaction studies (BACIS): field campaigns to understand and quantify aerosol effects on clouds
doi:10.1007/s10546-022-00759-w	(no campaign tag),doi:10.1007/s10546-022-00759-w,(no campaign tag),r,,Boundary Layer Height Characteristics in Mexico City from Two Remote Sensing Techniques
doi:10.5194/wes-7-487-2022	PECAN,doi:10.5194/wes-7-487-2022,PECAN,m,(no campaign tag),Can reanalysis products outperform mesoscale numerical weather prediction models in modeling the wind resource in simple terrain?
doi:10.3389/frsen.2022.1028587	(no campaign tag),doi:10.3389/frsen.2022.1028587,(no campaign tag),r,,Characteristics of a pre-monsoon dryline atmospheric boundary layer over the rain shadow region: A case study
doi:10.1029/2021ea002176	(no campaign tag),doi:10.1029/2021ea002176,(no campaign tag),r,,Comparison of Lower Stratosphere Wind Observations From the USTC's Rayleigh Doppler Lidar and the ESA's Satellite Mission Aeolus
doi:10.1088/1742-6596/2265/2/022034	(no campaign tag),doi:10.1088/1742-6596/2265/2/022034,(no campaign tag),r,,Comparison of near wind farm wake measurements from scanning lidar with engineering models
doi:10.3390/atmos13050750	PECAN,doi:10.3390/atmos13050750,PECAN,r,,"Convection Initiation Associated with the Merger of an Immature Sea-Breeze Front and a Gust Front in Bohai Bay Region, North China: A Case Study"
doi:10.3390/rs14133225	(no campaign tag),doi:10.3390/rs14133225,(no campaign tag),r,,Data Reliability Enhancement for Wind-Turbine-Mounted Lidars
doi:10.2139/ssrn.4197971	(no campaign tag),doi:10.2139/ssrn.4197971,(no campaign tag),r,,Dc Protection Coordination for Multi-Terminal Hb-Mmc-Based Hvdc Grids
doi:10.5194/acp-2022-543	(no campaign tag),doi:10.5194/acp-2022-543,(no campaign tag),r,,Dependency of vertical velocity variance on meteorological conditions in the convective boundary layer
doi:10.1029/2022jd037021	(no campaign tag),doi:10.1029/2022jd037021,(no campaign tag),r,,Distinct Dynamical and Structural Properties of Marine Stratocumulus and Shallow Cumulus Clouds in the Eastern North Atlantic
doi:10.1007/s10546-022-00770-1	LAPSE-RATE,doi:10.1007/s10546-022-00770-1,LAPSE-RATE,r,,Entrainment Rates and Their Synoptic Dependence on Wind Speed Aloft in California's Central Valley
doi:10.5194/amt-15-4107-2022	(no campaign tag),doi:10.5194/amt-15-4107-2022,(no campaign tag),r,,Evaluation of Aeolus L2B wind product with wind profiling radar measurements and numerical weather prediction model equivalents over Australia
doi:10.5194/gmd-15-5195-2022	(no campaign tag),doi:10.5194/gmd-15-5195-2022,(no campaign tag),m,CHEESEHEAD,Evaluation of a forest parameterization to improve boundary layer flow simulations over complex terrain. A case study using WRF-LES V4.0.1
doi:10.1186/s40645-022-00511-5	(no campaign tag),doi:10.1186/s40645-022-00511-5,(no campaign tag),r,,Evaluation of cloud and precipitation processes in regional and global models with ULTIMATE (ULTra-sIte for Measuring Atmosphere of Tokyo metropolitan Environment): a case study using the dual-polarization Doppler weather radars
doi:10.5194/amt-15-6011-2022	LAPSE-RATE,doi:10.5194/amt-15-6011-2022,LAPSE-RATE,m,(no campaign tag),Evaluation of the New York State Mesonet Profiler Network data
doi:10.3390/rs14153841	LAPSE-RATE,doi:10.3390/rs14153841,LAPSE-RATE,r,,Evolution and Structure of a Dry Microburst Line Observed by Multiple Remote Sensors in a Plateau Airport
doi:10.5194/wes-7-185-2022	(no campaign tag),doi:10.5194/wes-7-185-2022,(no campaign tag),r,,Field measurements of wake meandering at a utility-scale wind turbine with nacelle-mounted Doppler lidars
doi:10.3389/feart.2021.814785	(no campaign tag),doi:10.3389/feart.2021.814785,(no campaign tag),r,,Fine-Scale Structures in the Mid-Level Eyewall of Super Typhoon Rammasun (2014) Simulated With the WRF-LES Framework
doi:10.5194/hess-2022-131	LAPSE-RATE,doi:10.5194/hess-2022-131,LAPSE-RATE,r,,First implementation of a new cross-disciplinary observation strategy for heavy precipitation events from formation to flooding
doi:10.11591/ijece.v12i3.pp2300-2312	(no campaign tag),doi:10.11591/ijece.v12i3.pp2300-2312,(no campaign tag),r,,Geological aspect analysis for micro hydro power plant site selection based on remote sensing data
doi:10.1109/jlt.2022.3202836	(no campaign tag),doi:10.1109/jlt.2022.3202836,(no campaign tag),r,,High Resolution Coherent Doppler Wind Lidar Incorporating Phase-Shift Keying
doi:10.3390/atmos13091341	(no campaign tag),doi:10.3390/atmos13091341,(no campaign tag),m,(no campaign tag),"Impact of Lidar Data Assimilation on Simulating Afternoon Thunderstorms near Pingtung Airport, Taiwan: A Case Study"
doi:10.1175/mwr-d-21-0199.1	PECAN,doi:10.1175/mwr-d-21-0199.1,PECAN,m,(no campaign tag),Impacts of Assimilating Future Clear-Air Radial Velocity Observations from Phased Array Radar on Convection Initiation Forecasts: An Observing System Simulation Experiment Study
doi:10.1038/s41598-022-22868-9	(no campaign tag),doi:10.1038/s41598-022-22868-9,(no campaign tag),r,,Impacts of accelerating deployment of offshore windfarms on near-surface climate
doi:10.5194/amt-15-131-2022	(no campaign tag),doi:10.5194/amt-15-131-2022,(no campaign tag),r,,Inter-comparison of wind measurements in the atmospheric boundary layer and the lower troposphere with Aeolus and a ground-based coherent Doppler lidar network over China
doi:10.1007/s10546-021-00681-7	(no campaign tag),doi:10.1007/s10546-021-00681-7,(no campaign tag),r,,Interactions Between the Nocturnal Low-Level Jets and the Urban Boundary Layer: A Case Study over London
doi:10.3389/fphy.2022.1016047	(no campaign tag),doi:10.3389/fphy.2022.1016047,(no campaign tag),r,,Investigation of the confined-doped fiber on single-mode operating and power scaling in all-fiber single-frequency amplifiers
doi:10.1007/s10546-022-00707-8	(no campaign tag),doi:10.1007/s10546-022-00707-8,(no campaign tag),r,,"Large-Scale Turbulence Structures in the Atmospheric Boundary Layer Observed above the Suburbs of Kyoto City, Japan"
doi:10.5194/acp-2022-809	LAPSE-RATE,doi:10.5194/acp-2022-809,LAPSE-RATE,r,,Large-eddy simulation of a two-layer boundary-layer cloud system from the Arctic Ocean 2018 expedition
doi:10.1016/j.energy.2022.125051	(no campaign tag),doi:10.1016/j.energy.2022.125051,(no campaign tag),r,,LiDAR-based observation and derivation of large-scale wind turbine's wake expansion model downstream of a hill
doi:10.3390/rs14061333	LAPSE-RATE,doi:10.3390/rs14061333,LAPSE-RATE,r,,Lidar and Radar Signal Simulation: Stability Assessment of the Aerosol–Cloud Interaction Index
doi:10.5194/acp-22-12241-2022	(no campaign tag),doi:10.5194/acp-22-12241-2022,(no campaign tag),r,,Life cycle of stratocumulus clouds over 1 year at the coast of the Atacama Desert
doi:10.3390/rs14205150	(no campaign tag),doi:10.3390/rs14205150,(no campaign tag),r,,Local-Scale Horizontal CO2 Flux Estimation Incorporating Differential Absorption Lidar and Coherent Doppler Wind Lidar
doi:10.5194/amt-15-1185-2022	LAPSE-RATE,doi:10.5194/amt-15-1185-2022,LAPSE-RATE,m,(no campaign tag),Low-level buoyancy as a tool to understand boundary layer transitions
doi:10.5194/acp-2022-436	(no campaign tag),doi:10.5194/acp-2022-436,(no campaign tag),r,,"Measurement report: Atmopsheric new particle formation in a peri-urban site in Lille, Northern France"
doi:10.1029/2021jd035830	LAPSE-RATE,doi:10.1029/2021jd035830,LAPSE-RATE,r,,Measurements of a Dusty Density Current in the Western Sonoran Desert
doi:10.3389/frsen.2022.860284	(no campaign tag),doi:10.3389/frsen.2022.860284,(no campaign tag),r,,Mind the Gap - Part 3: Doppler Velocity Measurements From Space
doi:10.7274/zc77sn02x69	(no campaign tag),doi:10.7274/zc77sn02x69,(no campaign tag),r,,Multi-Scale Flow and Turbulence in Complex Terrain Under Weak Synoptic Conditions
doi:10.5194/essd-2022-73	LAPSE-RATE,doi:10.5194/essd-2022-73,LAPSE-RATE,r,,Observational data from uncrewed systems over Southern Great Plains
doi:10.1175/jas-d-20-0297.1	PECAN,doi:10.1175/jas-d-20-0297.1,PECAN,r,,Observations of the Development and Vertical Structure of the Lake-Breeze Circulation during the 2017 Lake Michigan Ozone Study
doi:10.1175/mwr-d-21-0265.1	(no campaign tag),doi:10.1175/mwr-d-21-0265.1,(no campaign tag),r,,Observations of the Discrete Propagation of a Mesoscale Convective System during RELAMPAGO–CACTI
doi:10.1029/2021jd036418	(no campaign tag),doi:10.1029/2021jd036418,(no campaign tag),r,,Orographic‐Induced Strong Wind Associated With a Low‐Pressure System Under Clear‐Air Condition During ICE‐POP 2018
doi:10.1175/jtech-d-22-0001.1	LAPSE-RATE,doi:10.1175/jtech-d-22-0001.1,LAPSE-RATE,r,,Performance Modeling of a Diode-Laser-Based Direct-Detection Doppler Lidar for Vertical Wind Profiling
doi:10.1175/waf-d-22-0016.1	(no campaign tag),doi:10.1175/waf-d-22-0016.1,(no campaign tag),m,VORTEX-SE,"Quantification of QLCS Tornadogenesis, Associated Characteristics, and Environments across a Large Sample"
doi:10.1029/2022jf006675	(no campaign tag),doi:10.1029/2022jf006675,(no campaign tag),r,,"Quantifying Mechanisms of Aeolian Dust Emission: Field Measurements at Etosha Pan, Namibia"
doi:10.1038/s41534-022-00662-9	(no campaign tag),doi:10.1038/s41534-022-00662-9,(no campaign tag),r,,Quantum-enhanced Doppler lidar
doi:10.1109/jproc.2022.3212229	(no campaign tag),doi:10.1109/jproc.2022.3212229,(no campaign tag),r,,Scaling Optical Fiber Capacities [Scanning the Issue]
doi:10.3389/fphy.2022.985440	(no campaign tag),doi:10.3389/fphy.2022.985440,(no campaign tag),r,,Simulating the Euler equations on multiple GPUs using Python
doi:10.1175/bams-d-21-0146.1	LAPSE-RATE,doi:10.1175/bams-d-21-0146.1,LAPSE-RATE,r,,Storms and Precipitation Across the continental Divide Experiment (SPADE)
doi:10.1139/as-2021-0048	LAPSE-RATE,doi:10.1139/as-2021-0048,LAPSE-RATE,r,,"Surface temperature inversion characteristics in dissimilar valleys, Yukon Canada"
doi:10.1515/noise-2022-0008	(no campaign tag),doi:10.1515/noise-2022-0008,(no campaign tag),r,,Synchronized acoustic and atmospheric measurement system for characterization of atmospheric sound propagation
doi:10.1175/bams-d-21-0044.1	(no campaign tag),doi:10.1175/bams-d-21-0044.1,(no campaign tag),r,,The COMBLE Campaign: A Study of Marine Boundary Layer Clouds in Arctic Cold-Air Outbreaks
doi:10.1175/wcas-d-21-0171.1	(no campaign tag),doi:10.1175/wcas-d-21-0171.1,(no campaign tag),r,,The Creation of a Research Television Studio to Test Probabilistic Hazard Information with Broadcast Meteorologists in NOAA’s Hazardous Weather Testbed
doi:10.5194/amt-2022-163	VORTEX-SE,doi:10.5194/amt-2022-163,VORTEX-SE,r,,"The measurement of mean wind, variances and covariances from an instrumented mobile car in a rural environment"
doi:10.5194/amt-15-6563-2022	VORTEX-SE,doi:10.5194/amt-15-6563-2022,VORTEX-SE,r,,"The measurement of mean wind, variances, and covariances from an instrumented mobile car in a rural environment"
doi:10.1175/ei-d-20-0027.1	LAPSE-RATE,doi:10.1175/ei-d-20-0027.1,LAPSE-RATE,r,,Turbulence Kinetic Energy Dissipation Rate Estimate for a Low-Level Jet with Doppler Lidar Data: A Case Study
doi:10.5194/wes-7-831-2022	(no campaign tag),doi:10.5194/wes-7-831-2022,(no campaign tag),r,,Turbulence statistics from three different nacelle lidars
doi:10.3389/feart.2022.840112	(no campaign tag),doi:10.3389/feart.2022.840112,(no campaign tag),r,,"Urban Atmospheric Boundary-Layer Structure in Complex Topography: An Empirical 3D Case Study for Stuttgart, Germany"
doi:10.5194/egusphere-2022-822	(no campaign tag),doi:10.5194/egusphere-2022-822,(no campaign tag),r,,Validation of Aeolus wind profiles using ground-based lidar and radiosonde observations at La Réunion Island and the Observatoire de Haute Provence
doi:10.1029/2021jd035728	LAPSE-RATE,doi:10.1029/2021jd035728,LAPSE-RATE,r,,"Vertical Transport of Sensible Heat and Meteoric Na by the Complete Temporal Spectrum of Gravity Waves in the MLT Above McMurdo (77.84°S, 166.67°E), Antarctica"
doi:10.3390/rs14102321	(no campaign tag),doi:10.3390/rs14102321,(no campaign tag),r,,"Wind and Turbulence Statistics in the Urban Boundary Layer over a Mountain–Valley System in Granada, Spain"
doi:10.1175/jtech-d-22-0037.1	PECAN,doi:10.1175/jtech-d-22-0037.1,PECAN,m,VORTEX-SE,A Comparison of Convective Storm Inflow Moisture Variability between the Great Plains and the Southeastern United States Using Multiplatform Field Campaign Observations
doi:10.3390/atmos14050767	(no campaign tag),doi:10.3390/atmos14050767,(no campaign tag),r,,A Framework to Predict Community Risk from Severe Weather Threats Using Probabilistic Hazard Information (PHI)
doi:10.5194/gmd-16-1779-2023	PECAN,doi:10.5194/gmd-16-1779-2023,PECAN,m,VORTEX-SE,A method for generating a quasi-linear convective system suitable for observing system simulation experiments
doi:10.21203/rs.3.rs-3194206/v1	(no campaign tag),doi:10.21203/rs.3.rs-3194206/v1,(no campaign tag),r,,"A model for low-frequency, anisotropic wind fluctuations and coherences in the marine atmosphere"
doi:10.1175/jtech-d-23-0056.1	(no campaign tag),doi:10.1175/jtech-d-23-0056.1,(no campaign tag),r,,Airborne Radar Doppler Spectrum Width as a Scale-Dependent Turbulence Metric
doi:10.3390/rs15225397	LAPSE-RATE,doi:10.3390/rs15225397,LAPSE-RATE,r,,"An Observation of Precipitation during Cooling with Ka-Band Cloud Radar in Wuhan, China"
doi:10.3390/atmos14101540	LAPSE-RATE,doi:10.3390/atmos14101540,LAPSE-RATE,r,,Analysis of the Causes and Wind Field Structure of a Dry Microburst in a Weak Weather Background
doi:10.1515/phys-2023-0154	TORUS,doi:10.1515/phys-2023-0154,TORUS,r,,Application of low-altitude wind shear recognition algorithm and laser wind radar in aviation meteorological services
doi:10.5194/amt-16-433-2023	LAPSE-RATE,doi:10.5194/amt-16-433-2023,LAPSE-RATE,m,(no campaign tag),Atmospheric boundary layer height from ground-based remote sensing: a review of capabilities and limitations
doi:10.5194/acp-23-3453-2023	(no campaign tag),doi:10.5194/acp-23-3453-2023,(no campaign tag),r,,Boundary layer moisture variability at the Atmospheric Radiation Measurement (ARM) Eastern North Atlantic observatory during marine conditions
doi:10.1029/2023jd038918	(no campaign tag),doi:10.1029/2023jd038918,(no campaign tag),r,,Classification of Turbulent Mixing Driven Sources in Marine Atmospheric Boundary Layer With Use of Shipborne Coherent Doppler Lidar Observations
doi:10.22541/essoar.167397432.26750100/v1	LAPSE-RATE,doi:10.22541/essoar.167397432.26750100/v1,LAPSE-RATE,m,(no campaign tag),Co-located wind and temperature observations at mid-latitudes during mesospheric inversion layer events
doi:10.3390/rs15143655	(no campaign tag),doi:10.3390/rs15143655,(no campaign tag),r,,Comparison of Spring Wind Gusts in the Eastern Part of the Tibetan Plateau and along the Coast: The Role of Turbulence
doi:10.1175/waf-d-22-0227.1	(no campaign tag),doi:10.1175/waf-d-22-0227.1,(no campaign tag),r,,Composite Mesoscale Environmental Conditions Influencing Tornado Frequencies in Landfalling Tropical Cyclones
doi:10.1029/2022gl102683	LAPSE-RATE,doi:10.1029/2022gl102683,LAPSE-RATE,r,,Co‐Located Wind and Temperature Observations at Mid‐Latitudes During Mesospheric Inversion Layer Events
doi:10.1049/rpg2.12903	(no campaign tag),doi:10.1049/rpg2.12903,(no campaign tag),r,,DC protection coordination for multi‐terminal HB‐MMC‐based HVDC grids
doi:10.5194/wes-8-677-2023	(no campaign tag),doi:10.5194/wes-8-677-2023,(no campaign tag),r,,Dependence of turbulence estimations on nacelle lidar scanning strategies
doi:10.5194/amt-16-4115-2023	(no campaign tag),doi:10.5194/amt-16-4115-2023,(no campaign tag),r,,Detection and analysis of Lhù'ààn Mân' (Kluane Lake) dust plumes using passive and active ground-based remote sensing supported by physical surface measurements
doi:10.1175/waf-d-23-0010.1	PECAN,doi:10.1175/waf-d-23-0010.1,PECAN,r,,Diagnosing Factors Leading to an Incorrect Supercell Thunderstorm Forecast
doi:10.1175/jamc-d-22-0128.1	PECAN,doi:10.1175/jamc-d-22-0128.1,PECAN,m,LAFE,Doppler Lidar Measurements of Wind Variability and LLJ Properties in Central Oklahoma during the August 2017 Land–Atmosphere Feedback Experiment
doi:10.1038/s41598-023-30346-z	(no campaign tag),doi:10.1038/s41598-023-30346-z,(no campaign tag),r,,Dust flow analysis by low coherence Doppler lidar
doi:10.1364/ao.504567	(no campaign tag),doi:10.1364/ao.504567,(no campaign tag),r,,Energy-scaling of a diode-pumped Alexandrite laser and prototype development for a compact general-purpose Doppler lidar
doi:10.1063/5.0172559	(no campaign tag),doi:10.1063/5.0172559,(no campaign tag),r,,Ensemble flow reconstruction in the atmospheric boundary layer from spatially limited measurements through latent diffusion models
doi:10.3390/atmos14091382	LAPSE-RATE,doi:10.3390/atmos14091382,LAPSE-RATE,r,,Evaluation of an Automatic Meteorological Drone Based on a 6-Month Measurement Campaign
doi:10.20944/preprints202307.2043.v1	(no campaign tag),doi:10.20944/preprints202307.2043.v1,(no campaign tag),r,,Evaluation of an Automatic Meteorological Drone Based on a 6-Months Measurement Campaign
doi:10.3390/atmos14060972	(no campaign tag),doi:10.3390/atmos14060972,(no campaign tag),r,,"Examining the Effectiveness of Doppler Lidar-Based Observation Nudging in WRF Simulation for Wind Field: A Case Study over Osaka, Japan"
doi:10.3390/en16166003	(no campaign tag),doi:10.3390/en16166003,(no campaign tag),r,,Experimental Study on the Influence of Incoming Flow on Wind Turbine Power and Wake Based on Wavelet Analysis
doi:10.3390/atmos15010020	(no campaign tag),doi:10.3390/atmos15010020,(no campaign tag),r,,Explainable Boosting Machine: A Contemporary Glass-Box Strategy for the Assessment of Wind Shear Severity in the Runway Vicinity Based on the Doppler Light Detection and Ranging Data
doi:10.5194/amt-16-4215-2023	(no campaign tag),doi:10.5194/amt-16-4215-2023,(no campaign tag),r,,Extended validation of Aeolus winds with wind-profiling radars in Antarctica and Arctic Sweden
doi:10.1175/bams-d-21-0330.1	(no campaign tag),doi:10.1175/bams-d-21-0330.1,(no campaign tag),r,,FESSTVaL: The Field Experiment on Submesoscale Spatio-Temporal Variability in Lindenberg
doi:10.5194/wes-8-1893-2023	(no campaign tag),doi:10.5194/wes-8-1893-2023,(no campaign tag),r,,Feedforward pitch control for a 15 MW wind turbine using a spinner-mounted single-beam lidar
doi:10.5194/amt-16-1017-2023	(no campaign tag),doi:10.5194/amt-16-1017-2023,(no campaign tag),r,,First assessment of Aeolus Standard Correct Algorithm particle backscatter coefficient retrievals in the eastern Mediterranean
doi:10.1007/s12665-023-11050-7	LAPSE-RATE,doi:10.1007/s12665-023-11050-7,LAPSE-RATE,r,,First implementation of a new cross-disciplinary observation strategy for heavy precipitation events from formation to flooding
doi:10.5194/egusphere-2023-1924	(no campaign tag),doi:10.5194/egusphere-2023-1924,(no campaign tag),r,,First measurements of 3-Dimensional winds up to 25 km based on Aerosol backscatter using a compact Doppler lidar with multiple fields of view
doi:10.3390/en16093906	(no campaign tag),doi:10.3390/en16093906,(no campaign tag),r,,From Hydrometeor Size Distribution Measurements to Projections of Wind Turbine Blade Leading-Edge Erosion
doi:10.1109/tiv.2023.3323648	(no campaign tag),doi:10.1109/tiv.2023.3323648,(no campaign tag),r,,GLIO: Tightly-Coupled GNSS/LiDAR/IMU Integration for Continuous and Drift-Free State Estimation of Intelligent Vehicles in Urban Areas
doi:10.1175/bams-d-23-0066.1	LAPSE-RATE,doi:10.1175/bams-d-23-0066.1,LAPSE-RATE,r,,Grand-Scale Atmospheric Imaging Apparatus (GAIA) and Wind Lidar Multiscale Measurements in the Atmospheric Surface Layer
doi:10.5194/amt-16-845-2023	(no campaign tag),doi:10.5194/amt-16-845-2023,(no campaign tag),r,,High-resolution 3D winds derived from a modified WISSDOM synthesis scheme using multiple Doppler lidars and observations
doi:10.1017/jfm.2022.1080	(no campaign tag),doi:10.1017/jfm.2022.1080,(no campaign tag),r,,Identification of the energy contributions associated with wall-attached eddies and very-large-scale motions in the near-neutral atmospheric surface layer through wind LiDAR measurements
doi:10.1029/2023jd038542	PECAN,doi:10.1029/2023jd038542,PECAN,r,,"Impact of Assimilating C‐Band Phased‐Array Radar Data With EnKF on the Forecast of Convection Initiation: A Case Study in Beijing, China"
doi:10.1002/qj.4541	(no campaign tag),doi:10.1002/qj.4541,(no campaign tag),r,,Impact of assimilating Aeolus observations in the global model ICON: A global statistical overview
doi:10.1117/12.2680406	(no campaign tag),doi:10.1117/12.2680406,(no campaign tag),r,,Improvement of the system efficiency of low coherence Doppler lidar
doi:10.1111/risa.14215	PERiLS,doi:10.1111/risa.14215,PERiLS,r,,Interpretable ensemble imbalance learning strategies for the risk assessment of severe‐low‐level wind shear based on LiDAR and PIREPs
doi:10.1175/mwr-d-22-0228.1	(no campaign tag),doi:10.1175/mwr-d-22-0228.1,(no campaign tag),r,,Investigating the Relationship between Polarimetric Radar Signatures of Hydrometeor Size Sorting and Tornadic Potential in Simulated Supercells
doi:10.1175/jamc-d-22-0206.1	(no campaign tag),doi:10.1175/jamc-d-22-0206.1,(no campaign tag),r,,Investigation of Hydrostatic Imbalance with Field Observations
doi:10.5194/wcd-4-249-2023	(no campaign tag),doi:10.5194/wcd-4-249-2023,(no campaign tag),r,,Investigation of links between dynamical scenarios and particularly high impact of Aeolus on numerical weather prediction (NWP) forecasts
doi:10.1029/2023jd038809	(no campaign tag),doi:10.1029/2023jd038809,(no campaign tag),r,,Isolating and Investigating Updrafts Induced by Wildland Fires Using an Airborne Doppler Lidar During FIREX‐AQ
doi:10.5194/acp-23-7033-2023	LAPSE-RATE,doi:10.5194/acp-23-7033-2023,LAPSE-RATE,r,,Large-eddy simulation of a two-layer boundary-layer cloud system from the Arctic Ocean 2018 expedition
doi:10.1016/j.jweia.2023.105491	(no campaign tag),doi:10.1016/j.jweia.2023.105491,(no campaign tag),r,,Lidar measurements of wake around a bridge deck
doi:10.3389/fenvs.2022.1082623	PECAN,doi:10.3389/fenvs.2022.1082623,PECAN,m,(no campaign tag),Low-level jets and their implications on air pollution: A review
doi:10.1109/jmw.2023.3283395	PECAN,doi:10.1109/jmw.2023.3283395,PECAN,r,,Making Waves: Microwaves in Climate Change
doi:10.5194/acp-23-183-2023	(no campaign tag),doi:10.5194/acp-23-183-2023,(no campaign tag),r,,"Measurement report: Atmospheric new particle formation at a peri-urban site in Lille, northern France"
doi:10.1175/mwr-d-23-0069.1	LAPSE-RATE,doi:10.1175/mwr-d-23-0069.1,LAPSE-RATE,r,,Measurements and Model Improvement: Insight into NWP Model Error Using Doppler Lidar and Other WFIP2 Measurement Systems
doi:10.1175/mwr-d-22-0324.1	PECAN,doi:10.1175/mwr-d-22-0324.1,PECAN,r,,Meteorological Research Enabled by Rapid-Scan Radar Technology
doi:10.1007/s10546-023-00790-5	LAPSE-RATE,doi:10.1007/s10546-023-00790-5,LAPSE-RATE,r,,Midday Boundary-Layer Collapse in the Altiplano Desert: The Combined Effect of Advection and Subsidence
doi:10.5194/wes-8-515-2023	LAPSE-RATE,doi:10.5194/wes-8-515-2023,LAPSE-RATE,r,,Multi-point in situ measurements of turbulent flow in a wind turbine wake and inflow with a fleet of uncrewed aerial systems
doi:10.1002/we.2827	LAPSE-RATE,doi:10.1002/we.2827,LAPSE-RATE,r,,"New insights on wind turbine wakes from large‐eddy simulation: Wake contraction, dual nature, and temperature effects"
doi:10.54302/mausam.v74i4.3527	LAPSE-RATE,doi:10.54302/mausam.v74i4.3527,LAPSE-RATE,r,,Observation and numerical simulation of dust devils at the Hong Kong International Airport in sea breeze situation
doi:10.1029/2022gl102578	LAPSE-RATE,doi:10.1029/2022gl102578,LAPSE-RATE,r,,Observational Investigation of the Effect of Turbulence on Microphysics and Precipitation in Warm Marine Boundary Layer Clouds
doi:10.1029/2022jd037425	(no campaign tag),doi:10.1029/2022jd037425,(no campaign tag),r,,Observations of Offshore Internal Boundary Layers
doi:10.1039/d2ea00101b	LAPSE-RATE,doi:10.1039/d2ea00101b,LAPSE-RATE,r,,Observations of coastal dynamics during lake breeze at a shoreline impacted by high ozone
doi:10.5194/acp-23-2315-2023	CHEESEHEAD,doi:10.5194/acp-23-2315-2023,CHEESEHEAD,r,,Pandemic restrictions in 2020 highlight the significance of non-road NO <sub> <i>x</i> </sub> sources in central London
doi:10.1127/metz/2023/1122	(no campaign tag),doi:10.1127/metz/2023/1122,(no campaign tag),r,,Performance of large-eddy simulations for capturing low-level wind shear at the Hong Kong International Airport for a whole wind-shear (spring) season
doi:10.5194/amt-16-2263-2023	(no campaign tag),doi:10.5194/amt-16-2263-2023,(no campaign tag),r,,Pseudorandom modulation continuous-wave narrowband sodium temperature and wind lidar
doi:10.1002/we.2858	(no campaign tag),doi:10.1002/we.2858,(no campaign tag),r,,Real‐time rotor effective wind speed estimation based on actuator disc theory: Design and full‐scale experimental validation
doi:10.1029/2022rg000796	(no campaign tag),doi:10.1029/2022rg000796,(no campaign tag),r,,Reducing Aerosol Forcing Uncertainty by Combining Models With Satellite and Within‐The‐Atmosphere Observations: A Three‐Way Street
doi:10.3390/atmos14050901	(no campaign tag),doi:10.3390/atmos14050901,(no campaign tag),r,,"Remote Polar Boundary Layer Wind Profiling Using an All-Fiber Pulsed Coherent Doppler Lidar at Zhongshan Station, Antarctica"
doi:10.5194/egusphere-2023-1546	(no campaign tag),doi:10.5194/egusphere-2023-1546,(no campaign tag),r,,Rotary-wing drone-induced flow – comparison of simulations with lidar measurements
doi:10.1175/mwr-d-22-0188.1	PECAN,doi:10.1175/mwr-d-22-0188.1,PECAN,m,(no campaign tag),Simultaneous Assimilation of Planetary Boundary Layer Observations from Radar and All-Sky Satellite Observations to Improve Forecasts of Convection Initiation
doi:10.13164/re.2023.0391	(no campaign tag),doi:10.13164/re.2023.0391,(no campaign tag),r,,Software-Defined 1550-nm Full-Fiber Doppler Lidar for Contactless Vibration Measurement of High Voltage Power Equipment
doi:10.1103/physrevfluids.8.l022701	(no campaign tag),doi:10.1103/physrevfluids.8.l022701,(no campaign tag),r,,Sub-meter wind detection with pulsed coherent Doppler lidar
doi:10.5194/amt-2023-143-supplement	CHEESEHEAD,doi:10.5194/amt-2023-143-supplement,CHEESEHEAD,r,,"Supplementary material to ""Observing Low Altitude Features in Ozone Concentrations in a Shoreline Environment via Unmanned Aerial Systems"""
doi:10.5194/amt-16-6007-2023	(no campaign tag),doi:10.5194/amt-16-6007-2023,(no campaign tag),r,,Suppression of precipitation bias in wind velocities from continuous-wave Doppler lidars
doi:10.3390/atmos14091412	LAPSE-RATE,doi:10.3390/atmos14091412,LAPSE-RATE,r,,Surface Mesonet and Upper Air Analysis of the 21 August 2017 Total Solar Eclipse
doi:10.1038/s41597-023-02582-5	LAPSE-RATE,doi:10.1038/s41597-023-02582-5,LAPSE-RATE,r,,Tethered Balloon-Borne Turbulence Measurements in Winter and Spring during the MOSAiC Expedition
doi:10.1175/waf-d-23-0042.1	(no campaign tag),doi:10.1175/waf-d-23-0042.1,(no campaign tag),r,,The 2021 Hazardous Weather Testbed Experimental Warning Program Radar Convective Applications Experiment: A Forecaster Evaluation of the Tornado Probability Algorithm and the New Mesocyclone Detection Algorithm
doi:10.1007/s10546-023-00840-y	(no campaign tag),doi:10.1007/s10546-023-00840-y,(no campaign tag),r,,The Arctic Fjord Breeze: Characteristics of a Combined Sea Breeze and Valley Wind in a Svalbard Fjord Valley
doi:10.3390/rs15225336	(no campaign tag),doi:10.3390/rs15225336,(no campaign tag),r,,The Design and Performance Evaluation of a 1550 nm All-Fiber Dual-Polarization Coherent Doppler Lidar for Atmospheric Aerosol Measurements
doi:10.1029/2023gl102825	(no campaign tag),doi:10.1029/2023gl102825,(no campaign tag),r,,The Impact of Offshore‐Propagating Squall Lines on Coastal‐Mountain Flows
doi:10.3390/rs15225373	LAPSE-RATE,doi:10.3390/rs15225373,LAPSE-RATE,r,,"The Relationship between Land Surface Temperature and Air Temperature in the Douro Demarcated Region, Portugal"
doi:10.1029/2022jd036921	PECAN,doi:10.1029/2022jd036921,PECAN,r,,The Roles of Surface Convergence Line and Upper‐Level Forcing on Convection Initiation Ahead of a Gust Front: A Case Study
doi:10.3929/ethz-b-000683028	LAFE,doi:10.3929/ethz-b-000683028,LAFE,r,,The impact of decreasing horizontal grid spacing on the simulation of the mountain boundary layer in the hectometric range
doi:10.3390/atmos14020268	(no campaign tag),doi:10.3390/atmos14020268,(no campaign tag),r,,Time-Series Prediction of Intense Wind Shear Using Machine Learning Algorithms: A Case Study of Hong Kong International Airport
doi:10.1007/s00376-023-2298-0	(no campaign tag),doi:10.1007/s00376-023-2298-0,(no campaign tag),r,,Use of Targeted Orographic Smoothing in Very High Resolution Simulations of a Downslope Windstorm and Rotor in a Sub-tropical Highland Location
doi:10.5194/amt-16-3715-2023	(no campaign tag),doi:10.5194/amt-16-3715-2023,(no campaign tag),r,,Using optimal estimation to retrieve winds from velocity-azimuth display (VAD) scans by a Doppler lidar
doi:10.5194/acp-23-8453-2023	(no campaign tag),doi:10.5194/acp-23-8453-2023,(no campaign tag),r,,Validation activities of Aeolus wind products on the southeastern Iberian Peninsula
doi:10.5194/amt-16-997-2023	(no campaign tag),doi:10.5194/amt-16-997-2023,(no campaign tag),r,,Validation of Aeolus wind profiles using ground-based lidar and radiosonde observations at Réunion island and the Observatoire de Haute-Provence
doi:10.3847/25c2cfeb.e35c5812	LAPSE-RATE,doi:10.3847/25c2cfeb.e35c5812,LAPSE-RATE,r,,Wave-induced Mixing and Transport in the Middle Atmosphere-Lower Thermosphere (MLT)
doi:10.1117/12.3014698	(no campaign tag),doi:10.1117/12.3014698,(no campaign tag),r,,160W narrow-linewidth fiber laser with a homemade polarization-maintaining Tm-doped fiber
doi:10.1007/s10546-023-00850-w	LAPSE-RATE,doi:10.1007/s10546-023-00850-w,LAPSE-RATE,r,,"A Model for Low-Frequency, Anisotropic Wind Fluctuations and Coherences in the Marine Atmosphere"
doi:10.2514/6.2024-1701	(no campaign tag),doi:10.2514/6.2024-1701,(no campaign tag),r,,Aeroelastic Wind Tunnel Testing of Yawed Wind Turbine Rotor with Teetering Hub
doi:10.1029/2023jd039586	PECAN,doi:10.1029/2023jd039586,PECAN,m,CHEESEHEAD,Airborne Measurements of Scale‐Dependent Latent Heat Flux Impacted by Water Vapor and Vertical Velocity Over Heterogeneous Land Surfaces During the CHEESEHEAD19 Campaign
doi:10.1029/2023jd039586	Multiple campaigns,doi:10.1029/2023jd039586,Multiple campaigns,m,CHEESEHEAD,Airborne Measurements of Scale‐Dependent Latent Heat Flux Impacted by Water Vapor and Vertical Velocity Over Heterogeneous Land Surfaces During the CHEESEHEAD19 Campaign
doi:10.22541/essoar.173482358.82216774/v1	LAPSE-RATE,doi:10.22541/essoar.173482358.82216774/v1,LAPSE-RATE,r,,"Analyses of Atmospheric Turbulence Near Surface Observed by Unmanned Aerial Vehicle in the Suburban Area of Seoul Metropolitan, South Korea"
doi:10.1016/j.renene.2024.120136	(no campaign tag),doi:10.1016/j.renene.2024.120136,(no campaign tag),r,,Analysis of NREL-5MW wind turbine wake under varied incoming turbulence conditions
doi:10.1029/2023jd040473	VORTEX-SE,doi:10.1029/2023jd040473,VORTEX-SE,r,,Assessing the Fidelity of Landfalling Tropical Cyclone Convective‐Scale Environments in the Warn‐On‐Forecast System Using Radiosondes
doi:10.1029/2023ea003499	LAPSE-RATE,doi:10.1029/2023ea003499,LAPSE-RATE,r,,Bias‐Eliminating Techniques in the Computation of Power Spectra for Characterizing Gravity Waves: Interleaved Methods and Error Analyses
doi:10.1063/5.0161905	PECAN,doi:10.1063/5.0161905,PECAN,m,AWAKEN,Case study of a bore wind-ramp event from lidar measurements and HRRR simulations over ARM Southern Great Plains
doi:10.5194/nhess-24-3225-2024	LAPSE-RATE,doi:10.5194/nhess-24-3225-2024,LAPSE-RATE,r,,Convection-permitting climate model representation of severe convective wind gusts and future changes in southeastern Australia
doi:10.5194/essd-16-2525-2024	LAPSE-RATE,doi:10.5194/essd-16-2525-2024,LAPSE-RATE,m,TRACER,Data collected using small uncrewed aircraft systems during the TRacking Aerosol Convection interactions ExpeRiment (TRACER)
doi:10.5194/essd-16-2525-2024	Multiple campaigns,doi:10.5194/essd-16-2525-2024,Multiple campaigns,m,TRACER,Data collected using small uncrewed aircraft systems during the TRacking Aerosol Convection interactions ExpeRiment (TRACER)
doi:10.1016/j.jweia.2024.105812	(no campaign tag),doi:10.1016/j.jweia.2024.105812,(no campaign tag),r,,Data extension of high-resolution wind speed database by fusing meteorological observation and local objective analysis data with POD–LSE
doi:10.1049/rpg2.13110	(no campaign tag),doi:10.1049/rpg2.13110,(no campaign tag),r,,Effect of temperature on seasonal wind power and energy potential estimates in Nordic climates
doi:10.1002/we.2936	(no campaign tag),doi:10.1002/we.2936,(no campaign tag),r,,Evaluation of Hub‐Height Wind Forecasts Over the New York Bight
doi:10.1029/2024jd040779	(no campaign tag),doi:10.1029/2024jd040779,(no campaign tag),r,,Evaluation of the Planetary Boundary Layer Height From ERA5 Reanalysis With MOSAiC Observations Over the Arctic Ocean
doi:10.3390/app15010083	LAPSE-RATE,doi:10.3390/app15010083,LAPSE-RATE,r,,Evidence of Terrain-Induced Windshear Due to Lantau Island over the Third Runway of the Hong Kong International Airport—Examples and Numerical Simulations
doi:10.5194/wcd-5-609-2024	LAPSE-RATE,doi:10.5194/wcd-5-609-2024,LAPSE-RATE,r,,Exploring the daytime boundary layer evolution based on Doppler spectrum width from multiple coplanar wind lidars during CROSSINN
doi:10.3390/app14020782	(no campaign tag),doi:10.3390/app14020782,(no campaign tag),r,,Full-Scale/Model Test Comparisons to Validate the Traditional Atmospheric Boundary Layer Wind Tunnel Tests: Literature Review and Personal Perspectives
doi:10.3390/atmos15020220	LAPSE-RATE,doi:10.3390/atmos15020220,LAPSE-RATE,r,,Growth and Breakdown of Kelvin–Helmholtz Billows in the Stable Atmospheric Boundary Layer
doi:10.3390/rs16061075	LAPSE-RATE,doi:10.3390/rs16061075,LAPSE-RATE,r,,High-Resolution Remote Sensing of the Gradient Richardson Number in a Megacity Boundary Layer
doi:10.5194/amt-17-6603-2024	PECAN,doi:10.5194/amt-17-6603-2024,PECAN,m,(no campaign tag),Improving solution availability and temporal consistency of an optimal-estimation physical retrieval for ground-based thermodynamic boundary layer profiling
doi:10.1103/physrevlett.132.034101	(no campaign tag),doi:10.1103/physrevlett.132.034101,(no campaign tag),r,,Inertia Induces Strong Orientation Fluctuations of Nonspherical Atmospheric Particles
doi:10.3390/atmos15030309	(no campaign tag),doi:10.3390/atmos15030309,(no campaign tag),r,,Inter-Comparison of Lightning Measurements in Quasi-Linear Convective Systems
doi:10.5194/acp-24-7027-2024	(no campaign tag),doi:10.5194/acp-24-7027-2024,(no campaign tag),r,,Interpreting Geostationary Environment Monitoring Spectrometer (GEMS) geostationary satellite observations of the diurnal variation in nitrogen dioxide (NO <sub>2</sub> ) over East Asia
doi:10.1063/5.0208957	(no campaign tag),doi:10.1063/5.0208957,(no campaign tag),r,,Investigating the loading of robotic palletized module by simulation
doi:10.1029/2024jd041429	VORTEX-SE,doi:10.1029/2024jd041429,VORTEX-SE,r,,Investigation of Coastal Winds and Turbulence Characteristics Using Doppler Lidar
doi:10.5194/acp-24-13231-2024	(no campaign tag),doi:10.5194/acp-24-13231-2024,(no campaign tag),r,,Investigation of non-equilibrium turbulence decay in the atmospheric boundary layer using Doppler lidar measurements
doi:10.1016/j.renene.2023.119935	(no campaign tag),doi:10.1016/j.renene.2023.119935,(no campaign tag),r,,Leading effect for wind turbine wake models
doi:10.22541/essoar.172245359.98758236/v1	(no campaign tag),doi:10.22541/essoar.172245359.98758236/v1,(no campaign tag),r,,Lidar-based evaluation of HRRR performance in the Diablo Range
doi:10.3390/rs16081463	(no campaign tag),doi:10.3390/rs16081463,(no campaign tag),r,,Locating and Grading of Lidar-Observed Aircraft Wake Vortex Based on Convolutional Neural Networks
doi:10.5194/amt-17-921-2024	LAPSE-RATE,doi:10.5194/amt-17-921-2024,LAPSE-RATE,r,,Long-term aerosol particle depolarization ratio measurements with HALO Photonics Doppler lidar
doi:10.1145/3674502	(no campaign tag),doi:10.1145/3674502,(no campaign tag),r,,MERCI: Mixed Curvature-Based Elements for Computing Equilibria of Thin Elastic Ribbons
doi:10.1175/bams-d-23-0012.1	(no campaign tag),doi:10.1175/bams-d-23-0012.1,(no campaign tag),r,,Measuring Coupled Fire–Atmosphere Dynamics: The California Fire Dynamics Experiment (CalFiDE)
doi:10.3390/rs16060989	(no campaign tag),doi:10.3390/rs16060989,(no campaign tag),r,,Near-Surface Wind Profiling in a Utility-Scale Onshore Wind Farm Using Scanning Doppler Lidar: Quality Control and Validation
doi:10.48550/arxiv.2405.09442	(no campaign tag),doi:10.48550/arxiv.2405.09442,(no campaign tag),r,,Network Function Capacity Reconnaissance by Remote Adversaries
doi:10.1071/wf23045	(no campaign tag),doi:10.1071/wf23045,(no campaign tag),r,,Observations of a rotating pyroconvective plume
doi:10.3390/s24072101	LAPSE-RATE,doi:10.3390/s24072101,LAPSE-RATE,m,(no campaign tag),On the Applicability of Ground-Based Microwave Radiometers for Urban Boundary Layer Research
doi:10.1029/2024jd041927	LAPSE-RATE,doi:10.1029/2024jd041927,LAPSE-RATE,r,,Operational Capability of Drone‐Based Meteorological Profiling in an Urban Area
doi:10.1051/epjconf/202430704029	(no campaign tag),doi:10.1051/epjconf/202430704029,(no campaign tag),r,,Power scaling of LED-pumped alexandrite: The road to high gain multipass amplifiers
doi:10.1016/j.awe.2024.100004	(no campaign tag),doi:10.1016/j.awe.2024.100004,(no campaign tag),r,,Reflections on potential applications of LiDAR for in-situ observations of high-rise buildings during typhoons: Focusing on wind-driven rain and windborne debris
doi:10.48550/arxiv.2409.05193	(no campaign tag),doi:10.48550/arxiv.2409.05193,(no campaign tag),r,,Seismic monitoring of CO2 plume dynamics using ensemble Kalman filtering
doi:10.5194/amt-2024-31	(no campaign tag),doi:10.5194/amt-2024-31,(no campaign tag),r,,The ALOMAR Rayleigh/Mie/Raman lidar: status after 30 years of operation
doi:10.5194/acp-24-11477-2024	PECAN,doi:10.5194/acp-24-11477-2024,PECAN,r,,The Paris low-level jet during PANAME 2022 and its impact on the summertime urban heat island
doi:10.1109/tgrs.2024.3503418	LAPSE-RATE,doi:10.1109/tgrs.2024.3503418,LAPSE-RATE,r,,"The Planetary Boundary Layer Height Climatology Over Oceans Using COSMIC-2 and Spire GNSS RO Bending Angles From 2019 to 2023: Comparisons to CALIOP, ERA-5, MERRA2, and CFS Reanalysis"
doi:10.1029/2023ea003296	(no campaign tag),doi:10.1029/2023ea003296,(no campaign tag),r,,The Variations of Gravity Wave Activities During the Formation of the Large Horizontal Wind Shears in the Static State Lower Thermosphere
doi:10.1002/qj.4799	(no campaign tag),doi:10.1002/qj.4799,(no campaign tag),r,,"The impact of mesh size, turbulence parameterization, and land‐surface‐exchange scheme on simulations of the mountain boundary layer in the hectometric range"
doi:10.3390/rs16030548	(no campaign tag),doi:10.3390/rs16030548,(no campaign tag),r,,Validation of ERA5 Boundary Layer Meteorological Variables by Remote-Sensing Measurements in the Southeast China Mountains
doi:10.3390/rs16081473	(no campaign tag),doi:10.3390/rs16081473,(no campaign tag),r,,Wind Profile Reconstruction Based on Convolutional Neural Network for Incoherent Doppler Wind LiDAR
doi:10.48550/arxiv.2401.04302	(no campaign tag),doi:10.48550/arxiv.2401.04302,(no campaign tag),r,,eSIM Technology in IoT Architecture
doi:10.1175/bams-d-23-0030.1	LAPSE-RATE,doi:10.1175/bams-d-23-0030.1,LAPSE-RATE,r,,urbisphere-Berlin Campaign: Investigating Multiscale Urban Impacts on the Atmospheric Boundary Layer
doi:10.15372/aoo20241208	(no campaign tag),doi:10.15372/aoo20241208,(no campaign tag),r,,ЛИДАРНЫЕ ИССЛЕДОВАНИЯ ВОЛНОВЫХ СТРУКТУР И ВЕТРОВОЙ ТУРБУЛЕНТНОСТИ В УСТОЙЧИВОМ ПОГРАНИЧНОМ СЛОЕ АТМОСФЕРЫ
doi:10.3788/lop240947	(no campaign tag),doi:10.3788/lop240947,(no campaign tag),r,,多普勒测风激光雷达在航空气象中的应用进展
doi:10.20944/preprints202501.1803.v1	(no campaign tag),doi:10.20944/preprints202501.1803.v1,(no campaign tag),r,,A Critical Review of Nanobubbles Flotation for Seawater Desalination
doi:10.3390/atmos16070802	(no campaign tag),doi:10.3390/atmos16070802,(no campaign tag),r,,A Signal Processing-Guided Deep Learning Framework for Wind Shear Prediction on Airport Runways
doi:10.1016/j.scitotenv.2024.178357	(no campaign tag),doi:10.1016/j.scitotenv.2024.178357,(no campaign tag),r,,Aerosol transport and associated boundary layer thermodynamics under contrasting synoptic conditions over a semiarid site
doi:10.1175/jas-d-24-0185.1	PECAN,doi:10.1175/jas-d-24-0185.1,PECAN,r,,An Observational Evaluation of RKW Theory over the U.S. Southern Great Plains
doi:10.51967/tanesa.v26i1.3209	(no campaign tag),doi:10.51967/tanesa.v26i1.3209,(no campaign tag),r,,Analysis of the Implementation of the Livable House Priority Program in East Kalimantan Province
doi:10.5194/wes-10-971-2025	(no campaign tag),doi:10.5194/wes-10-971-2025,(no campaign tag),r,,Analyzing the performance of vertical wind profilers in rain events
doi:10.5194/amt-18-3611-2025	(no campaign tag),doi:10.5194/amt-18-3611-2025,(no campaign tag),r,,Assessment of horizontally oriented ice crystals with a combination of multiangle polarization lidar and cloud Doppler radar
doi:10.63581/jocpes.v5i1.05	LAPSE-RATE,doi:10.63581/jocpes.v5i1.05,LAPSE-RATE,r,,Automated Analysis of Radiosonde Temperature Data Using Python: A Study on Data Homogenization and Climate Trends Observed at Sta. Met. Kelas I Sultan Iskandar Muda - Banda Aceh
doi:10.3390/en18102626	(no campaign tag),doi:10.3390/en18102626,(no campaign tag),r,,CFD in Urban Wind Resource Assessments: A Review
doi:10.3390/rs17243937	LAPSE-RATE,doi:10.3390/rs17243937,LAPSE-RATE,r,,"Characteristics of Planetary Boundary Layer Height (PBLH) over Shenzhen, China: Retrieval Methods and Air Pollution Conditions"
doi:10.5194/wes-10-2755-2025	LAPSE-RATE,doi:10.5194/wes-10-2755-2025,LAPSE-RATE,r,,Characterization of HRRR-simulated rotor layer wind speeds and clouds along the coast of California
doi:10.3390/rs17081399	LAFE,doi:10.3390/rs17081399,LAFE,m,(no campaign tag),Characterizing Seasonal Variation of the Atmospheric Mixing Layer Height Using Machine Learning Approaches
doi:10.1117/12.3072756	(no campaign tag),doi:10.1117/12.3072756,(no campaign tag),r,,Detector performance of the spaceborne Doppler wind LiDARaboard the Aeolus satellite
doi:10.31083/jeems42402	(no campaign tag),doi:10.31083/jeems42402,(no campaign tag),r,,Digital Balance: Exploring the Nexus Between Remote Employee Well-Being and Productivity in East European Workforces
doi:10.3390/atmos16020188	(no campaign tag),doi:10.3390/atmos16020188,(no campaign tag),r,,Dissipation Scaling with a Variable Cϵ Coefficient in the Stable Atmospheric Boundary Layer
doi:10.1007/s10546-025-00948-3	(no campaign tag),doi:10.1007/s10546-025-00948-3,(no campaign tag),r,,Doppler Lidar Observations of Urban Boundary Layer Response to the 8 April 2024 Total Solar Eclipse in Montreal
doi:10.5194/wes-2025-79	PECAN,doi:10.5194/wes-2025-79,PECAN,r,,Emerging mobile lidar technology to study boundary-layer winds influenced by operating turbines
doi:10.1101/2025.11.17.25340377	(no campaign tag),doi:10.1101/2025.11.17.25340377,(no campaign tag),r,,"Geoepidemiology of COVID-19 hospitalisations and severity: impact of social deprivation and remote areas, in the south-eastern Region, France"
doi:10.5194/essd-17-6507-2025	(no campaign tag),doi:10.5194/essd-17-6507-2025,(no campaign tag),r,,"Harmonised boundary layer wind profile dataset from six ground-based Doppler wind lidars in a transect across Paris, France"
doi:10.1038/s41561-025-01662-y	(no campaign tag),doi:10.1038/s41561-025-01662-y,(no campaign tag),r,,High sensitivity of cloud formation to aerosol changes
doi:10.3390/app15179442	(no campaign tag),doi:10.3390/app15179442,(no campaign tag),r,,High-Resolution Numerical Weather Simulation of Three Windshear Events at an Airport on the Qinghai–Tibet Plateau
doi:10.1175/mwr-d-25-0006.1	(no campaign tag),doi:10.1175/mwr-d-25-0006.1,(no campaign tag),r,,Impacts of Extratropical Transition on Tropical Cyclone Tornadoes
doi:10.5194/egusphere-2025-4814	PECAN,doi:10.5194/egusphere-2025-4814,PECAN,m,VORTEX-SE,Intercomparison of Seven Collocated Ground-based Infrared Spectrometer Radiance Observations and Retrieved Thermodynamic Profiles
doi:10.1029/2024gl113273	(no campaign tag),doi:10.1029/2024gl113273,(no campaign tag),r,,Inverse Energy Cascades in the Boundary Layer During Strong Winds Based on Doppler Lidar
doi:10.5194/wes-10-483-2025	PECAN,doi:10.5194/wes-10-483-2025,PECAN,r,,Linking large-scale weather patterns to observed and modeled turbine hub-height winds offshore of the US West Coast
doi:10.5194/wes-11-1343-2026	(no campaign tag),doi:10.5194/wes-11-1343-2026,(no campaign tag),r,,Low-level jets in the southern North Sea: implications for wind turbine performance using Doppler lidar observations
doi:10.1029/2024jd042106	(no campaign tag),doi:10.1029/2024jd042106,(no campaign tag),r,,Mechanism of Turbulence Structure Evolution in the Nocturnal Boundary Layer During the Interaction of Low‐Level Jet and Internal Gravity Waves: Based on Full Boundary Layer Turbulence Observations
doi:10.5194/amt-18-1269-2025	PECAN,doi:10.5194/amt-18-1269-2025,PECAN,r,,Mid-Atlantic nocturnal low-level jet characteristics: a machine learning analysis of radar wind profiles
doi:10.3390/rs17162762	(no campaign tag),doi:10.3390/rs17162762,(no campaign tag),r,,Multi-Scale Wind Shear at a Plateau Airport: Insights from Lidar and Radiosonde Observations
doi:10.1175/bams-d-24-0162.1	(no campaign tag),doi:10.1175/bams-d-24-0162.1,(no campaign tag),r,,NextGen TV and Advanced Emergency Alerting: The Future of TV Warnings and Alerts
doi:10.22541/essoar.174251081.13539471/v1	PECAN,doi:10.22541/essoar.174251081.13539471/v1,PECAN,r,,Observation and LES modeling of an offshore atmospheric undular bore generated during sea-breeze initiation near a peninsula
doi:10.1029/2025jd043852	PECAN,doi:10.1029/2025jd043852,PECAN,r,,Observation and Large‐Eddy Simulation of an Offshore Atmospheric Undular Bore During Sea‐Breeze Initiation
doi:10.1038/s41598-025-02314-2	PECAN,doi:10.1038/s41598-025-02314-2,PECAN,r,,Observation of a slanted moisture structure with weak updraft leading to localized heavy rainfalls
doi:10.5194/amt-18-1355-2025	(no campaign tag),doi:10.5194/amt-18-1355-2025,(no campaign tag),r,,Observations of tall-building wakes using a scanning Doppler lidar
doi:10.5194/wes-10-83-2025	(no campaign tag),doi:10.5194/wes-10-83-2025,(no campaign tag),r,,On the lidar-turbulence paradox and possible countermeasures
doi:10.1029/2024gl112400	(no campaign tag),doi:10.1029/2024gl112400,(no campaign tag),r,,Orography‐Induced Atmospheric Small‐Scale Waves During Bora Using Lidar Observations and Numerical Simulations
doi:10.3390/photonics12010092	(no campaign tag),doi:10.3390/photonics12010092,(no campaign tag),r,,Parameter Study on Ultraviolet Rayleigh–Brillouin Doppler Lidar with Dual-Pass Dual Fabry–Perot Interferometer for Accurately Measuring Near-Surface to Lower Stratospheric Wind Field
doi:10.65606/32/2025/59	(no campaign tag),doi:10.65606/32/2025/59,(no campaign tag),r,,ProfileSwitchNet: Predicting e-SIM Carrier-Switch Behavior from Provisioning and Lifecycle Signals
doi:10.1029/2024ms004601	LAPSE-RATE,doi:10.1029/2024ms004601,LAPSE-RATE,r,,Quantifying UAS Observation Error Variance Used in Data Assimilation Systems and Its Impact on Predictive Skill
doi:10.1007/s10546-025-00901-4	LAPSE-RATE,doi:10.1007/s10546-025-00901-4,LAPSE-RATE,r,,Scaling the Vertical-Velocity Variance During the Very Late Afternoon Transition of the Convective Boundary Layer
doi:10.5194/wes-10-117-2025	PECAN,doi:10.5194/wes-10-117-2025,PECAN,r,,Simulations suggest offshore wind farms modify low-level jets
doi:10.1016/j.atmosres.2025.108307	LAPSE-RATE,doi:10.1016/j.atmosres.2025.108307,LAPSE-RATE,r,,Snow transitions to rain: A review of atmospheric melting layer studies using micro rain radar and complementary approaches
doi:10.3390/atmos16070810	(no campaign tag),doi:10.3390/atmos16070810,(no campaign tag),r,,Some Interesting Observations of Cross-Mountain East-to-Southeasterly Flow at Hong Kong International Airport and Their Numerical Simulations
doi:10.1002/asl.1294	(no campaign tag),doi:10.1002/asl.1294,(no campaign tag),r,,Spatial structure of local winds “Rokko‐oroshi”: A case study using Doppler lidar observation and <scp>WRF</scp> simulation
doi:10.1029/2025gl119298	PECAN,doi:10.1029/2025gl119298,PECAN,r,,Sunset Bores Over the Southern North China Plain
doi:10.1186/s40645-024-00674-3	LAPSE-RATE,doi:10.1186/s40645-024-00674-3,LAPSE-RATE,r,,The JAGUAR-DAS whole neutral atmosphere reanalysis: JAWARA
doi:10.1175/bams-d-24-0108.1	(no campaign tag),doi:10.1175/bams-d-24-0108.1,(no campaign tag),r,,The MatterHEX Experiment—Investigating Atmospheric Flow Patterns in Highly Complex Terrain Related to Banner Cloud Formation
doi:10.1063/5.0283624	(no campaign tag),doi:10.1063/5.0283624,(no campaign tag),r,,Toward improved offshore wind design: Variability of wind veer revealed by hybrid cluster analysis of lidar data
doi:10.1016/j.buildenv.2025.114009	(no campaign tag),doi:10.1016/j.buildenv.2025.114009,(no campaign tag),r,,"Towards high-fidelity urban wind profiles for the built environment: a neural field to fuse multi-source observational data in Guangzhou, China"
doi:10.1109/taes.2025.3578555	(no campaign tag),doi:10.1109/taes.2025.3578555,(no campaign tag),r,,TransCNN: A Hybrid Framework for Aircraft Wake Vortex Detection and Safety Interval Assessment
doi:10.48496/cnc9-df17	(no campaign tag),doi:10.48496/cnc9-df17,(no campaign tag),r,,Tuning of the Active Hair Bundle
doi:10.1088/1742-6596/3016/1/012015	(no campaign tag),doi:10.1088/1742-6596/3016/1/012015,(no campaign tag),r,,Wake measurement of utility-scale wind turbine wake using drone
doi:10.1016/j.jweia.2025.106162	(no campaign tag),doi:10.1016/j.jweia.2025.106162,(no campaign tag),r,,Wind profile nowcasting and forecasting using machine learning
doi:10.1109/tgrs.2026.3672972	PECAN,doi:10.1109/tgrs.2026.3672972,PECAN,r,,A Comparative Study of Low-Level Jets in Different Climate Regions in China Using Multisite Doppler Wind Lidar Observations
id:https://openalex.org/W7160456604	(no campaign tag),id:https://openalex.org/W7160456604,(no campaign tag),r,,A Domain-Driven Design Simulator for Business Logic-Rich Microservice Systems
doi:10.3390/atmos17010107	LAPSE-RATE,doi:10.3390/atmos17010107,LAPSE-RATE,m,LAPSE-RATE,A Pilot Study on Meteorological Support for the Low-Altitude Economy—Consistency of Meteorological Measurements on UAS with Numerical Simulation Results
doi:10.3389/fenvs.2026.1751718	LAPSE-RATE,doi:10.3389/fenvs.2026.1751718,LAPSE-RATE,r,,"Atmospheric and meteorological responses during the April 8, 2024, total solar eclipse: advancing workforce development through experiential learning"
doi:10.13016/m2czv2-fbzf	LAPSE-RATE,doi:10.13016/m2czv2-fbzf,LAPSE-RATE,r,,"Atmospheric and meteorological responses during the April 8, 2024, total solar eclipse: advancing workforce development through experiential learning"
doi:10.3390/rs18050730	VORTEX-SE,doi:10.3390/rs18050730,VORTEX-SE,r,,Comparative Analysis of Planetary Boundary Layer Heights During the BELLA CIAO Measurement Campaign in Italy
doi:10.3390/atmos17030314	(no campaign tag),doi:10.3390/atmos17030314,(no campaign tag),r,,Comparison of Near-Surface Turbulence Spectral Shapes over Built and Open Terrain Using Commercial Drones as Portable Probes
doi:10.3389/frsen.2025.1705235	(no campaign tag),doi:10.3389/frsen.2025.1705235,(no campaign tag),r,,Constraining orientation statistics of ice crystals in clouds with observations from deep space
doi:10.5194/amt-19-679-2026	(no campaign tag),doi:10.5194/amt-19-679-2026,(no campaign tag),r,,Decomposition of three aerosol types using lidar-derived depolarization ratios at two wavelengths
doi:10.5194/amt-19-699-2026	(no campaign tag),doi:10.5194/amt-19-699-2026,(no campaign tag),r,,Derivation and validation of a refined dust product from Aeolus (L2A+)
id:https://openalex.org/W7161452329	TORUS,id:https://openalex.org/W7161452329,TORUS,r,,FMCW Lidar Beyond Nyquist by Instantaneous Frequency Fitting
doi:10.5194/amt-19-1573-2026	PECAN,doi:10.5194/amt-19-1573-2026,PECAN,m,VORTEX-SE,Intercomparison of seven collocated ground-based infrared spectrometer radiance observations and retrieved thermodynamic profiles
doi:10.1051/epjconf/202636212003	VORTEX-SE,doi:10.1051/epjconf/202636212003,VORTEX-SE,r,,Measuring Inertial Subrange Boundary and Turbulence Isotropy using Airborne Doppler Lidar: An Investigation using LES-based Simulation
doi:10.1051/epjconf/202636212003/pdf	VORTEX-SE,doi:10.1051/epjconf/202636212003/pdf,VORTEX-SE,r,,Measuring Inertial Subrange Boundary and Turbulence Isotropy using Airborne Doppler Lidar: An Investigation using LES-based Simulation
doi:10.3390/rs18030470	PECAN,doi:10.3390/rs18030470,PECAN,m,(no campaign tag),The Prediction of Low-Level Jet Using Machine Learning Based on Turbulence Observations and Remote Sensing
doi:10.2172/1232651	PECAN,doi:10.2172/1232651,PECAN,m,(no campaign tag),"Holistic Interactions of Shallow Clouds, Aerosols, and Land-Ecosystems (HI-SCALE) Science Plan"
doi:10.2172/1343564	LAPSE-RATE,doi:10.2172/1343564,LAPSE-RATE,m,(no campaign tag),"Cloud, Aerosol, and Complex Terrain Interactions (CACTI) Preliminary Science Plan"
doi:10.1175/bams_998_1697-1713_45beacon	PECAN,doi:10.1175/bams_998_1697-1713_45beacon,PECAN,m,(no campaign tag),"LETTER FROM HEADQUARTERS, ABOUT OUR MEMBERS, ON-AIR METEOROLOGY, OBITUARIES, AMS PRESIDENTIAL CANDIDATES"
doi:10.2172/1577859	PECAN,doi:10.2172/1577859,PECAN,m,(no campaign tag),Atmospheric Emitted Radiance Interferometer Optimal Estimation (AERIoe) Value-Added Product Report
id:https://openalex.org/W4289674213	LAPSE-RATE,id:https://openalex.org/W4289674213,LAPSE-RATE,m,(no campaign tag),"Cloud, Aerosol, and Complex Terrain Interactions (CACTI) Science Plan"
doi:10.1117/12.2524057	LAPSE-RATE,doi:10.1117/12.2524057,LAPSE-RATE,r,,Front Matter: Volume 10833
doi:10.1117/12.2584935	VORTEX-SE,doi:10.1117/12.2584935,VORTEX-SE,r,,Front Matter: Volume 11531
doi:10.2172/2202486	LAFE,doi:10.2172/2202486,LAFE,m,(no campaign tag),Department of Energy’s Atmospheric System Research (ASR) Program’s Workshop on the Future of Atmospheric Large Eddy Simulation (LES) (Workshop Report)
doi:10.2172/2004980	LAFE,doi:10.2172/2004980,LAFE,m,(no campaign tag),Department of Energy’s Atmospheric System Research (ASR) Program’s Workshop on the Future of Atmospheric Large Eddy Simulation (LES) (Workshop Report)
doi:10.2172/2429693	LAPSE-RATE,doi:10.2172/2429693,LAPSE-RATE,m,(no campaign tag),Coastal-Urban-Rural Atmospheric Gradient Experiment (CoURAGE) Science Plan
